id,description
aaf3f674-6a7b-4542-8dcd-001d944ed993,350424060584578 (2023-02-24)
2572c952-40ec-4ae9-95ff-0114b50bbf61,350317176462582 (2023-10-04)
807dcb26-a982-4ca7-a2d0-01b39916acce,350317176462038 (2023-10-04)
55e540ef-752b-4136-93f9-02130361aaaa,350317177143694 (2023-10-04)
fe8b31dc-67ac-4026-b0b5-0272901717c9,358480083378135 (2022-03-14)
c1f8c01f-d8e3-43b8-951b-0455be1a512d,350317171697950 (2023-10-04)
973ccec0-7b50-4e93-8a3d-0625980314e8,350544503475926 (2023-02-24)
ab632c6b-f6dc-45a3-9280-06d90b391fc4,350317177160342 (2023-10-04)
8bce969f-6df6-4821-9187-093dc9a3d56a,350612071078834 (2023-10-04)
585f47d8-a7ef-4ea6-9549-0ae88e039d96,350544501210432 (2023-10-04)
456b0aac-c4ca-4013-bdf4-0b3881e04eb5,350544501212990 (2023-02-24)
9c7b9e2d-7bbe-4a87-9dd1-0c03dfc45c2e,350317176444234 (2023-10-04)
429c847d-592e-4c94-8dae-0eb0ef09060c,357073295970111 (2023-05-22)
7dbea790-d4bb-4c8d-b1b8-0eba69406a42,350612071156275 (2023-10-04)
ab1fce46-e480-4ba4-b33e-0f12397e87b7,359632105036955 (2022-02-18)
d30bb754-9f3a-4f0f-8a17-108882ccb5c3,350317172179826 (2023-10-04)
467150d9-43b0-4595-a665-12e5a7ee53e4,350424060605944 (2023-02-24)
d0c61c05-c7b4-4e46-8240-133391275c52,350317177875758 (2023-10-04)
183e5e44-f9ae-4215-b16f-14ec6ad5000f,350317175720865 (2023-10-04)
ab958580-ea4a-4110-b45d-15085a97c465,350424066744747 (2023-02-21)
f93c9c18-0f9f-457b-ab97-1634377b87a3,350544502107611 (2023-02-24)
ceb5bf4b-2c24-4b41-9559-164b31b3b864,Tiguan - 352093085066214 (2022-03-17)
dece2fb0-8f4e-4d63-b9b7-1841d5e1c6f3,357073296797158 (2023-02-24)
13742d82-71c7-4b59-a74c-1890d4eaf724,350317172794392 (2023-10-04)
31595650-2676-4d39-bd5a-18baa3490480,350424060608773 (2023-02-24)
0a1c6c25-0d3f-4fce-9e2c-1abe5cdf3c50,350317177680513 (2023-10-04)
86b6f418-eb59-4475-87ca-1bccbcfecb28,350424060676853 (2023-02-24)
e77ae9c9-007f-453e-9a5a-1def96b76971,350612072268129 (2023-06-02)
5ec678ee-6422-4265-9a3c-1fa63fab1749,350544504929269 (2023-02-24)
c64b5ec2-f8f9-4050-b1ed-2064d5882c10,357073290184452 (2022-11-08)
e4b871ec-17ad-418b-8090-213df0465040,350544501281656 (2023-02-24)
5abe2562-7806-4413-b895-22392b283a4d,eTransit 350544509454669 (2023-08-29)
46efaba9-b707-475a-8a69-227c2d01486b,357544372107488 (2023-02-24)
d706c257-ae17-472e-99f5-231224ac5703,350424068270550 (2022-11-08)
b349aa61-cc3b-49f8-bff9-23cc97eb4c06,350544501210424 (2023-02-24)
076c85e4-3b4d-4710-b66b-2423969c626f,350317177860719 (2023-10-04)
7a80e69a-2da9-4035-9e36-2515231aa828,864394040564892 (2022-09-14)
4e1125d9-a6a5-43ff-bff7-25bb13c52061,350424063880650 (2022-11-08)
8277b03b-3f50-4175-b60a-261c26ff4843,357073297453561 (2023-02-24)
14fe5ad4-be52-4497-adf8-267e98ea127e,350424060673140 (2023-02-24)
ed996e31-134e-42c9-9577-2c6ecb3ba7e0,350317171798964 (2023-10-04)
41fd134e-1322-4b4a-9f93-2d2d1994e5f0,350317172794426 (2023-10-04)
3e2bb257-e90f-4f3a-a98c-2d669e5e64c1,350544503467329 (2023-02-24)
fbcc1f17-a4b4-4a03-a82a-314349a3bb34,866907059142967 (2023-03-13)
ead0eca9-9a6e-4e9b-b124-3183035d41f2,350317177890518 (2023-10-04)
1d349b6c-e475-4b58-b8db-330b502e971c,350544508753004 (2023-02-24)
f2cd5a95-11e3-4050-bcac-34b984b984af,357544373215868 (2022-03-17)
58566f97-ba91-4684-8a0e-37dea08c1253,350424060676820 (2023-03-16)
460c6fa9-752d-4986-83c3-39550a115e41,350424064007063 (2022-11-09)
7b259325-e082-4e8c-92fb-3966221ef560,357073290553995 (2023-02-24)
05d5faac-2229-4e73-bc92-3a6bab0ec069,357073298529690 (2022-11-08)
45ebf4e9-2eba-4b97-937c-3b04c3c90e26,357073298509833 (2022-11-08)
ac036f75-e33f-499d-89db-3b599911731a,350317172185203 (2023-02-24)
541c8f57-e8a8-4138-ba46-3b5ea8b1d702,350424068335007 (2022-11-08)
216b8e22-6096-4a2c-b944-3bd99c097f34,350544501338779 (2023-10-04)
21f862b7-38da-45b9-aaeb-3ed7eb4a2c42,350317176451114 (2023-10-04)
b4870a61-1f06-40fe-98b0-3ededbb23227,350317175720840 (2023-10-04)
6ec4a395-270e-451e-9459-3effb9ca81ee,Pace FMB140 - 357544378618603 (2022-06-22)
3d509ab2-b459-4247-8d48-40b16aa99700,350317177146713 (2023-10-04)
4ae141c8-1495-48d5-b8c6-415ab96789e8,350544503464516 (2023-02-24)
99c91c1c-f894-4026-a379-417813900e21,359632105043647 (2022-02-18)
dee275d7-51d6-455c-bb2a-41bde2a58f56,350317178016709 (2023-10-04)
fec9ad63-9dc6-48fd-b98f-41c77695531b,350544501172723 (2023-02-24)
1bc18ca3-15fa-411a-a67b-41d53c08828f,350317176990426 (2023-10-04)
2ff83787-4e2a-4a31-9ab9-434c0a827f8f,357073298581030 (2023-02-24)
725ec024-b08d-4489-8cf0-445a5a34483c,350612071082844 (2023-10-07)
5a56bffb-00c8-4f77-9518-447d6e2b780a,350317170564854 (2023-10-04)
d69bd7f5-a307-472d-9aff-468c8fad47a6,357073295969469 (2022-11-08)
7ba120b9-3368-4552-8cee-481f653aff9e,350317171710704 (2023-07-14)
550ab0e6-f2cc-491f-8826-486d9209b49c,359632105154162 (2022-02-18)
57c17791-c5e1-4a26-a058-48da1442e26f,357073298606324 (2023-02-24)
9595a746-00c8-452e-8f9e-490d97d61213,350317171772001 (2023-02-24)
73620dc5-0ffb-44b8-9ed7-49c9ba4d24a1,350424067399608 (2022-05-25)
f518a515-72b6-40ac-85ab-4c51cf9e7929,350317178011445 (2023-10-04)
8768d804-b598-47f3-b431-4c6137d11c68,354018112956937 (2023-05-19)
4b583211-f6ad-4f4a-af20-4d39c5a73c11,350317176450819 (2023-10-04)
7765d4b4-daaa-4578-8639-4e97ffa59132,357073296951912 (2023-02-24)
cedad33f-d73a-4579-90a0-4f93661e124a,350544504695431 (2022-11-08)
cd580b2b-14f8-408a-a4fa-5077a4e866a9,AM1 - 357544373248406 (2022-03-17)
c460a4bb-576c-4582-b94e-51b34261bdc7,350544501244522 (2023-02-24)
5ff816c3-9814-485d-8ba3-51bfef0879fa,350612072262742 (2023-06-02)
72a3cfff-237a-47bb-8acf-521ebf895209,350317177151697 (2023-10-04)
36da8d87-6e62-4946-a943-52911d17f33a,Sabaru XV - 352093087213657 (2022-03-17)
307f61c3-bbae-47d6-b9cf-53b4aeeda845,350317170557916 (2023-10-04)
d52e2423-448b-427c-a98a-54440568dbf8,357073291680912 (2023-02-24)
d217190e-f1d4-4751-9a47-544a0607ebe5,350317179543453 (2023-10-04)
26739bbd-11ea-46ce-9299-554bb6f005fc,350317177887431 (2023-10-04)
c3468d55-487a-45bb-b0fa-55aee604e0f9,350544507177239 (2023-02-24)
650c7660-f8b8-4a94-a3a0-56425b512241,350544506343188 (2023-02-24)
19781690-862a-4727-a01a-571baefc4eb5,862045031475561 (2023-03-10)
44d02d3e-aa89-4aff-915a-5a0296e0c9a9,350317177722133 (2023-10-04)
452622fb-f891-4677-934c-5af26a7fd9c3,350317177886037 (2023-10-04)
5420a7f1-ef0d-4706-a0ac-5b7a92a11437,350544503464219 (2023-02-24)
d693db02-33f5-4520-9eaa-5d1704b6282a,350612071056459 (2023-10-04)
757e2dd5-f87c-4dda-beaf-5dba48a535cb,359632109633344 (2022-03-29)
4a98197d-98eb-4e7f-b87d-5f781ac13f66,357544378585653 (2023-02-21)
92c8ad92-4dab-4fef-96fa-60571e6cdc19,350424067400778 (2022-05-25)
2835efa5-0100-4712-b670-60749eefc9c9,350544501235678 (2023-02-24)
9640737d-c162-4332-8d90-607edacca656,357073295780148 (2023-02-24)
10b47850-09bc-4f9b-b0f6-6216486fbb31,350317177993619 (2023-10-04)
560db786-036a-40e6-bee0-63bdde48f3a7,350424060689799 (2022-11-08)
7134cd3b-3be3-40bc-af79-664b142b6f65,359632109810272 (2022-03-29)
f536b589-fb2c-409f-a495-66aaf2f3266c,357073290564448 (2023-02-24)
a0ab60bb-1c5e-4961-a8ff-67f3cbea75ee,350317171774429 (2023-02-24)
775e4155-107c-4092-b7ea-68396a49227b,350317177893181 (2023-10-04)
4f4e7313-7006-4d3b-8ed0-6911665dca8b,350424066581651 (2023-02-27)
cf484da8-5395-4e54-b1be-6ac70600aeba,350612072268160 (2023-06-02)
70bad209-4035-4234-88cc-6bbad920e24b,350317178044800 (2023-10-04)
320d7080-d8c5-43f6-a415-6e0f65c32480,350317177657396 (2023-10-04)
88d2424f-5535-434a-b252-6ff0c4614c93,350544507223694 (2023-02-24)
bfe86a70-6c52-4f66-b26c-718771cf6377,350424065925974 (2022-05-25)
4a8cbb00-23dc-4ec1-bcd1-756b8cac8c12,FMB001 - 357544378410498
a5c8d517-4609-4bcb-9a0e-77601464835c,350612072267865 (2023-06-02)
dba27fa4-66d2-4988-8cab-78b9019e2b91,357544373216023 (2022-03-17)
439975ca-5698-4a19-992a-79af756a4cf8,KTBFE71P1KK064243
d2f97a6d-8ec9-4b8f-aa45-7b4657c3d347,350424066744705 (2023-02-24)
ec5b0570-30cd-4389-98ee-7ba8ad69de44,350612072268038 (2023-06-02)
f7f168cc-750d-4e04-a671-7ce5d555a0b2,350317171796265 (2023-10-04)
f6313c36-9841-473c-be2d-7e89cb8775ab,867648041509025 (2022-09-16)
06eec1eb-2c0f-4e97-82bf-7ef8b9ac5a51,350544509452572 (2022-10-24)
e92f5eb4-d8ac-449e-b4ba-7fd1759eb980,357073299680112 (2023-02-21)
f4d64070-e173-4abf-a76b-810eb5ff6f57,FMB140 357544378653642
4351ddec-8ff6-42a5-8931-81f26ada1118,350317175744659 (2023-10-04)
4da0bf55-9471-469e-96c4-8236374b2981,350544506279572 (2023-02-24)
fb8c6d16-5ec1-4ed8-883b-83de8bf70572,350317177081282 (2023-10-04)
5980119b-3864-4eb7-8a49-840b581312bb,350317177861683 (2023-10-04)
50ef2750-8fad-4562-bd62-84efeb60a02a,350612071160665 (2023-10-04)
e85aee75-0330-4293-baa9-8779697a3974,350317172793352 (2023-10-04)
12a54070-7052-4b55-a4e1-87a2a7cf8a6d,350317171771243 (2023-10-04)
2d1f60c1-012f-4036-8647-8a0036d38cbe,350317175732654 (2023-10-04)
12500aac-8c5d-45a9-92e0-8b0ced71f19a,350317171775848 (2023-02-24)
24329929-03f4-4462-a6e0-8c5cfde2eac4,350317171764156 (2023-10-04)
a75759f3-b216-429a-b60b-8d5e01704d05,350544501317641 (2023-10-04)
9580ec35-9a5c-4add-8051-8d7606f3c289,357073298604766 (2023-02-24)
9f590afe-28be-45e2-93b8-908f99d22d33,357073298603081 (2023-08-10)
b64a4f72-9384-43d2-88d7-926dece678f4,357073295977827 (2023-02-24)
649e42d8-8580-4596-a97e-938ebd2ad384,357073296948686 (2023-02-24)
775c56a0-df72-4411-b455-93fc49de5939,350317171678877 (2023-10-04)
4afbd95d-9a49-4648-8d6e-945c6694e660,350317171695806 (2023-10-04)
5807a845-eada-4414-8d24-967cbf2276ad,350317175730179 (2023-10-04)
a7bbc177-6e25-4dce-8080-97cdc9cc04c4,350317177157314 (2023-10-04)
ba96d636-9ee4-4cc2-aa47-9ab3e7741d3e,350612072264797 (2023-06-02)
c8e7bccf-1815-4154-be2f-9acdb57e0ab0,350544501185840 (2023-02-24)
24c0948d-6958-44e3-908c-9afbb2b9b3cc,350612071068785 (2023-10-04)
27828984-ac3c-472d-bb48-9b3251ccbe16,KTBFE71PCKK016960
fc892086-0e86-4e57-b5c0-9c80ffda686c,350612071076259 (2023-10-04)
b6ff3235-c222-4d3e-88d3-9c82262f19a8,357073290189865 (2023-02-24)
4e2b0656-b1b4-4d23-967e-9d3217d766fc,350317171798790 (2023-10-04)
cb92482c-bd9c-4453-93b4-9d7f8fc30129,FMB020 - 357544373200084
6c675047-c13f-40b2-a340-9e1b49f87317,350612072262726 (2023-06-02)
6e059b0c-48ed-4778-93b5-9e69ff55cd96,350424066730704 (2023-02-24)
5a8309bb-47da-42e7-8495-9efb6b6efb3a,350424060688601 (2023-02-24)
140bc66b-9b5b-4bbf-954b-a032297e1fa7,350544505624521 (2023-02-24)
40f6b755-f0d6-417c-8c4c-a047e1fdc79c,350424068347903 (2023-02-24)
32f0f7b0-eb5d-4689-89af-a14a10958718,866907055231897 (2022-09-27)
9b158731-220f-4311-b969-a15c21d93b74,357073295788265 (2023-02-24)
ad46c255-1825-44a3-8752-a204aa314905,357073296960590 (2023-02-24)
6cd3cdae-6a2e-4263-ab25-a228d6dc3f97,350424064019290 (2023-02-24)
6f6833a3-e120-47a9-b2ca-a2ff87150f0d,357073295765818 (2023-02-24)
4d02d186-901c-4d91-8247-a38bf5978e10,350544501219516 (2023-02-24)
4a80d345-5efa-4909-a3ea-a4679ae30301,350424068344702 (2023-10-04)
c265f329-d0b4-4f79-891b-a5ab49bd35fd,350317172797114 (2023-10-04)
ed944d90-b5bc-4e8b-b111-a5b4841f85a1,350544505640121 (2023-10-04)
0ba2317e-4d41-4efd-97fd-a6a550f00a09,350317175716475 (2023-10-04)
0e0bfcbe-f98f-42b2-b5f8-a9cd302c3465,350612073647461 (2023-10-04)
592d0373-4ec8-4fbc-8337-acd35febed6d,350424067401362 (2022-05-25)
aaff09ea-10b5-473b-9c8e-b0c5575dbfab,350612072262734 (2023-06-02)
8d41e68c-f1c4-49f2-a676-b12a053546af,350544501356367 (2023-02-24)
27f41953-0f17-403f-aa5c-b2e4b5714cb2,350612071076747 (2023-10-04)
7bdb7371-f6e0-45d7-a895-b38348ed819b,350317171802287 (2023-10-04)
0b312cf5-ea3f-4126-a732-b40b4285ef6a,350544507233610 (2023-02-24)
ab6c5f06-5b71-42ef-b134-b433b93005e9,350544501207149 (2023-02-24)
bd1fa590-e1b8-4d7d-8bbe-b4fafe084aab,350317171710613 (2023-10-04)
9213b2e5-264a-4508-b918-b5fbd1390b51,350317178010876 (2023-10-04)
666df25a-30b0-4223-9113-b81e107c1700,350544503468681 (2023-02-24)
9934be01-a8d6-4e33-8835-b958b9c66a18,350317176466179 (2023-10-04)
c125f2bd-41a6-4096-a50e-b994dd1996e3,357073296996537 (2022-11-08)
2e611359-bf0e-4b84-ac91-bc5d8815a8df,TMT250 - 354017111560930
0fee3720-2355-41b4-b0b6-bfd4ce9653de,350317172790663 (2023-10-04)
c946b5fe-d42f-4dfe-b76a-bfe69cc3f913,350317177164930 (2023-10-04)
2c46e2e8-8b37-411d-8a33-c591b6b0178f,357073296938661 (2023-03-16)
558477a8-a855-468f-8c87-c60f5d4bb44b,350544503467279 (2023-02-24)
bb382f48-3a21-4ec4-bc65-c8818e93d6b3,350544501273521 (2023-10-04)
cd5790f1-8af1-45bb-8d3f-c93bbb3bf1bb,350544501231966 (2023-02-24)
3d981906-2f0d-4f23-8f7d-c97491e4cf41,350544501281748 (2023-02-24)
71601cd9-22ea-4418-8c65-c9a894528835,350317177891680 (2023-10-04)
9f9bdd9c-0cd9-4d82-9646-ca88f10d4a05,350612072960303 (2023-10-04)
44cf231f-516c-401c-8f9c-cb0d3c4052c3,350317171699220 (2023-02-24)
00a0a48c-d4cb-4317-82b3-cbff3c7a8546,350424060662648 (2023-02-24)
56f4fc20-d3d1-4808-9e9e-cf563077c9b9,350317177886342 (2023-10-04)
b33b3e54-3ead-4c14-b138-cf8f4c1452c7,350317171775756 (2023-02-24)
135ebe57-eec3-4c01-b2bc-cfe405fdeab1,350544503467238 (2023-02-24)
f86dcb66-8b84-44c7-b8f5-cffb8625b510,350317172124020 (2023-10-04)
a3963a7c-d85c-485e-801c-d0cb61058260,350544504681613 (2022-11-08)
d92cffe3-2ee8-4a17-8933-d225c5a0d218,350317172122339 (2023-10-04)
7c0ca3e9-b1a4-4c7d-8dfe-d2549ce1e0df,350317171973815 (2023-10-04)
272731d5-694c-4b5d-aeae-d30727d93379,350317176466500 (2023-10-04)
67b4baa7-c27e-4939-abfa-d309f6b80c8b,350544501286242 (2023-02-24)
b96c7cbf-d36c-49f0-b9c3-d41aed575525,357073296825314 (2023-02-24)
f180d144-a20a-4c0f-b698-d424014fb71a,350544507222860 (2023-02-24)
02d3dc3e-560b-490c-ac2e-d748007f7238,KTBFE71P1KK063917
36e58106-381b-454b-9ca5-d78a4b1be781,350424067890218 (2023-02-24)
87b6f4d1-772e-4770-ab01-d8583375bc5d,867481033484456 (2023-10-04)
db9f083d-dac5-4b5a-9bf3-d90a34b28b0b,357544378604199 (2023-02-24)
2e8a794d-e83c-47b9-bd4f-d9efbd1abb83,350544501203148 (2023-02-24)
d65db386-d57c-4f4f-a2b4-db25e6bd7757,350424060676093 (2023-02-24)
87d1c10b-766d-49cd-bbb6-db8e4284b75c,350612072268111 (2023-06-02)
8656cfbe-d4c7-481d-b76e-dc1186c267e9,357544378592121 (2022-11-08)
0c4c36e2-5f14-41f0-952f-dc71c41d6aee,350612071141863 (2023-10-04)
ee26b80d-4a52-456f-beb8-dca7b218f97f,350544504926448 (2023-02-24)
5dbd7504-74b4-43ce-828b-dcb711ecc283,357073290191556 (2022-11-08)
c30b8081-715c-443a-8467-e0956233a559,FMB920 352093089165434 (2022-04-04)
8c22628d-56fc-490c-a94b-e146b8f8ed40,350544502760583 (2023-02-24)
e46f5c33-5109-48f1-9b80-e2029de61e4d,350544501291382 (2023-02-24)
e5185bb5-3cbf-40fb-9fee-e59f20e2fc00,357073293009334 (2023-06-09)
13001a80-bd88-4a7a-89c5-e6f43c4e9520,350317177899444 (2023-10-04)
719b30fa-81ff-4128-a62b-e7b548d5aa2a,350317175732555 (2023-10-04)
3c416399-1518-46ce-bdb8-e9c5f3058666,350544507243809 (2023-10-04)
17edff03-4f0d-49b5-86ff-ea56d6ad4045,350317177081308 (2023-10-04)
967832f9-d8b7-4d51-97bd-ed076ad67891,350544507238205 (2023-02-24)
b761d321-cb36-4185-bd7e-edffe8e642c7,350612072268103 (2023-06-02)
a3826bd0-0121-4f3c-a452-ee0d0225719b,357544375106255 (2023-10-04)
e0537c6f-5f85-445b-8cab-ee5b5edc188d,350317171721073 (2023-02-24)
0f663f85-9bbb-4bfe-bc57-ef50a2997aa3,350317172180766 (2023-10-04)
2a2d7f1f-e871-4b96-a252-ef6f795a6686,350424068263795 (2023-02-24)
2c587761-7b56-4029-8b97-ef9559124871,350317172794665 (2023-10-04)
8aa8a222-613d-4450-ba23-f0b4e14a80de,350544506277832 (2023-10-04)
2ce6f732-4a49-493b-8a57-f315859feff8,350317178067207 (2023-10-04)
3859b016-0302-4210-be93-f41ba95afad5,350317172207494 (2023-02-24)
5b764846-32af-4ce3-be59-f6a720f31c11,350424065375337 (2023-03-17)
023bfe51-5873-4e1d-90e1-f7e1cdd2e048,350544507167164 (2023-02-24)
9d2db04d-913b-4e02-b1b1-f84c0e51fc70,357073293327595 (2023-02-24)
9bbfe61f-11e7-4728-b05c-f88a0c02f061,357544372394136 (2022-05-11)
9429e87d-61bd-4449-abbb-f897ba2c003a,350544501216512 (2023-02-24)
102470e1-1efd-4148-a8fe-f8c4f5636e01,352625695770188 (2023-10-04)
8d65f67c-59e0-42ea-9b92-fb804c9ee48e,357073296947837 (2023-02-24)
834cc034-42c7-4384-bf3a-fbb9a190a039,350424068884608 (2023-02-24)
54bf26f5-08d1-4966-a491-fd16bb3a66b2,866191035769074 (2023-02-24)
4f03f448-f3c6-4e56-9c77-fd17897341a3,350544503468558 (2023-02-24)
bb0df0c7-8922-4194-b8f0-fde1e913adcb,350544506002339 (2023-05-19)
7f1915e2-a0ab-4b96-99ef-fe7ff4a05139,350317176471179 (2023-10-04)
b671fbbd-ce36-40b5-81c1-ff1c9e65eb72,eTransit - 350544500550960 (2023-08-29)
